epoch,seconds,lr,train_mse_x,train_mse_y,train_mse_z,train_mae_x,train_mae_y,train_mae_z,train_mean_3d_error,train_classification_accuracy,train_loss,train_xyz_loss,train_class_loss,val_mse_x,val_mse_y,val_mse_z,val_mae_x,val_mae_y,val_mae_z,val_mean_3d_error,val_classification_accuracy,val_loss,val_xyz_loss,val_class_loss
1,33.23909139633179,0.00019995065603657316,2.184830588714017,19.237091597942676,26.443575003572406,1.1582235667882286,3.500283411383513,4.096206284680773,6.079636872335714,0.6811265781806409,0.968255881585516,0.5480500637674532,0.8404116394856325,1.4073060218937998,14.26115355152586,15.161026947437003,0.9157288503718989,3.058046649696246,3.046905038576804,4.865302023837137,0.8880484114977307,0.5156029630536932,0.36260912805209544,0.3059876704991495
2,31.360363721847534,0.00019980267284282717,1.2124744000346888,10.45231881331533,13.282230282107694,0.8503361452200838,2.4894224989950637,2.7999416337734133,4.30889301787846,0.9242473292327614,0.4095077894968136,0.3009031365202561,0.21720930899702334,1.2898055349283608,11.33754860651475,10.477464938488382,0.8933090839010864,2.529808852387629,2.4665539001372507,4.117997877897185,0.9848714069591528,0.31247794767912146,0.2765838066270961,0.07178827984971466
3,31.049230337142944,0.00019955619646030802,1.0083086426569134,7.763293127058084,8.17932998543613,0.7849133192971903,2.146097477758228,2.1468526840827424,3.540624152344382,0.9669796050501781,0.2599887936853907,0.21089581209851455,0.0981859639793509,0.6530769235608076,4.976583772275523,4.781052743793436,0.6378580964819927,1.67017707305308,1.5783095626715633,2.7246043945404836,0.9818456883509834,0.17104477276419727,0.13130087163102067,0.07948780352878138
4,31.67589235305786,0.00019921147013144782,0.8044245643652771,5.853667926386978,6.0578380645228345,0.701457996127597,1.842077763422518,1.851627460997172,3.067898869784606,0.9770152152800259,0.1968089595181381,0.16081257146147318,0.07199277801878748,0.4727385545462235,2.9385843406827297,4.563447885902855,0.5235100138746484,1.259648024404644,1.512657217467246,2.3500987527590476,0.9984871406959153,0.11617993167777646,0.10407980878621836,0.024200243680947846
5,31.871510982513428,0.0001987688340595138,0.643004184326488,4.878109112878802,5.206999312252935,0.6289523036088631,1.6785223711729436,1.6935303584006505,2.7979720039404725,0.9851084493363548,0.16242472151841264,0.13561866491039273,0.05361211300378635,0.36673832444668536,2.5999224427608425,3.7498785010264246,0.47070946743917536,1.1958355463579093,1.3809832458957783,2.1394897553275105,1.0,0.09236421076504799,0.08655196007301695,0.011624502815565435
6,31.78527045249939,0.0001982287250728689,0.5485670990294027,4.075942464614231,4.324368324662613,0.579785707584281,1.559182147603083,1.5462168998878802,2.5665661733719323,0.9970864357397216,0.12719005204474282,0.11395769782168999,0.026464709226981496,0.41292851270597747,2.9870331514621107,2.9714295910995414,0.5097188026208921,1.3491279440459973,1.2713145401762762,2.1679332461912586,1.0,0.08583178699196918,0.08176940583177306,0.008124760094235416
7,31.62627625465393,0.00019759167619387476,0.515403171463976,3.6758435040316795,4.452380773433785,0.5571480099921012,1.4429353323134066,1.5539841792389737,2.4901859546487253,0.9812236969893169,0.14095166523350833,0.11045690581043317,0.0609895186085711,0.32355826344684824,2.200568001497531,2.77222554297743,0.44020424812536196,1.103929675473027,1.196074885427501,1.9105134003101065,1.0,0.07241710515498394,0.0685115227596933,0.007811163249883502
8,31.871684789657593,0.00019685831611286313,0.43500541845700164,3.077370377797145,3.5727351828661886,0.5099398584263963,1.3471905278248786,1.3882600735522042,2.2756671615309143,0.99384914211719,0.10130194222687826,0.09109045053549128,0.02042298319464017,0.37611278282892685,2.1325153749035994,3.2103352510622516,0.4854912159121884,1.0895015930083443,1.322004416346009,2.02207445845842,1.0,0.07865466848692086,0.0760096072327802,0.005290122367385296
9,32.257875204086304,0.00019602936856769434,0.44180175585822407,2.9827051332522534,3.348225125219877,0.5211527147660482,1.3180502227457183,1.3573511302104542,2.2311802534039793,0.9915830365814179,0.1001939153441645,0.08779047513618829,0.02480688139626816,0.2588002468922856,1.6722607749673495,2.3384613161188033,0.400547496489786,1.0024247277702758,1.0492539297614625,1.7130828257227448,1.0,0.056958331339027446,0.055781017938197654,0.002354626987642311
10,32.47147178649902,0.0001951056516295154,0.39880501903658666,2.6153409525042948,3.052952333884395,0.499523336812492,1.2417072173884556,1.305247255882888,2.129626191059877,0.9932016833926837,0.08827214598819715,0.07916249193711819,0.018219308096127974,0.37532994750768806,2.3360874995521628,2.321348882839647,0.4815526463080102,1.1681132468080737,1.0787934723131234,1.878399403120494,0.9984871406959153,0.06878711320403484,0.06572240967523313,0.0061294072129412834
11,32.8417387008667,0.0001940880768954226,0.3743477333861672,2.63786070599221,2.6786600966868797,0.48372911735428464,1.249543128564698,1.2127534706409635,2.0513606060666536,0.9977338944642279,0.07935973617416171,0.0733364523301313,0.01204656724527559,0.19854136638670214,1.1434416576160424,1.7861533980145938,0.3471086187550232,0.8303586841531312,0.9730242932618296,1.5137339547253954,0.9984871406959153,0.04415270424364825,0.04171896876369951,0.004867471714395573
12,33.23259973526001,0.0001929776485888252,0.33854385269772624,2.2759081926034006,2.647691715570205,0.45793048337502323,1.1656238170610196,1.1820692498925514,1.9602094645946302,0.995791518290709,0.07560801135804823,0.06825730017895604,0.014701422533052335,0.28740040148621065,1.3388225797806133,2.1542668277665453,0.43409328200993846,0.8597926804950847,1.0654195938456616,1.647566744851994,1.0,0.05316397985626638,0.05191288417298206,0.002502191491261598
13,33.441216707229614,0.00019177546256839815,0.32356003728565874,2.0998928567744954,2.4645355912465114,0.4505667305177915,1.1231013001960317,1.1547602971189035,1.90008892307547,0.9987050825509873,0.06796763999421992,0.06390363428537882,0.008128011626920758,0.2762776683570758,1.381792339723157,2.0957949201205857,0.4115193261681815,0.8936617154396969,1.1163695331059857,1.6680340153727338,1.0,0.051822672931987473,0.050933338476291404,0.0017786688349560556
14,34.01534676551819,0.000190482705246602,0.29540897233851254,2.0417737272342227,2.371219342331471,0.4279392777464852,1.0972851345399393,1.138150086407524,1.8637439842631647,0.9974101651019748,0.06757372053802572,0.06100992159902876,0.013127597569864558,0.1872948103340599,0.8690816126143879,1.0176243053442051,0.33461732907663133,0.7004210808273523,0.7166372535809447,1.205163759471068,1.0,0.029171617710103424,0.028606184649756023,0.0011308664468690506
15,34.171024322509766,0.00018910065241883685,0.2786041686125039,1.8245543451824786,1.882134885531716,0.4142948093828008,1.046425505416144,1.0254833626492428,1.7258941326839092,0.9987050825509873,0.055510665447137314,0.05199831235380804,0.0070247060717883985,0.2086121347055132,1.0451272338313162,1.2341736549689082,0.3555043432607954,0.7546220236935521,0.8183504297946116,1.3344000962065496,1.0,0.03435571914406299,0.03387082988923238,0.000969779011427105
16,34.46088528633118,0.00018763066800438642,0.3097255531735851,1.992590088873629,2.0299858582293804,0.4400834171237124,1.0922658228110094,1.0637091608563067,1.7982245457909491,0.9909355778569117,0.0710191286933889,0.056641796125625476,0.028754665221679472,0.25956184456460235,1.3179211118758716,1.765729058708618,0.4017759098047207,0.8704237988424374,0.9819201961407683,1.5590854996812507,0.9984871406959153,0.051332023941577834,0.04538468572447772,0.011894676286963895
17,34.618194818496704,0.00018607420270039444,0.30040354109690315,2.0402792498068965,2.3168965021975025,0.4285025358894721,1.1093055531213722,1.1393821132186934,1.866485914932404,0.9948203302039494,0.06865828441001906,0.060460455467223194,0.01639565793315281,0.16788896562111721,0.9192441213148985,1.109456694252372,0.31946925568688833,0.7485441086692637,0.7604054019599026,1.2688676369532874,1.0,0.030436996066218604,0.029482981824117422,0.0019080282994524862
18,34.78734350204468,0.0001844327925502016,0.2778715587194856,1.9247312635308758,1.803681190517891,0.41700775548453933,1.0760748910456268,1.0012964472179469,1.7340358364886934,0.9993525412754937,0.054134691207057335,0.051738703925513496,0.004791973948487141,0.207004267942166,0.9513835517433155,1.4291047660377492,0.34886533157187044,0.7271102091548303,0.8300142778751529,1.3275603007260321,1.0,0.036356728188637166,0.035614089817710436,0.0014852772746164684
19,34.65256857872009,0.00018270805742745628,0.2365453897768257,1.5994323564988195,1.8189275389004773,0.3831399224189618,0.982924937121341,1.009460976533652,1.6559753788447604,0.9977338944642279,0.05120642233595334,0.0475060877680547,0.007400669025449585,0.1183268652380685,0.7875155767766863,0.9204679826745107,0.2618605935447335,0.67457563397383,0.6932125019413982,1.1432239832567916,1.0,0.02422923508203066,0.023824236190873628,0.0008099974299859926
20,34.43717432022095,0.00018090169943749484,0.26147312414071133,1.624942309650336,1.6945707531722474,0.4055817950771402,0.9873054976137605,0.9620532940104772,1.6350444473854429,0.9977338944642279,0.05250049343856649,0.047078772004501994,0.010843443247260795,0.20175641423454804,0.9229609075364476,0.9109966484393006,0.35743539380233696,0.7175826882089681,0.6818316527466189,1.2143967609722928,1.0,0.028856359078420633,0.028213748378670703,0.0012852211568064977
21,34.66738438606262,0.00017901550123756912,0.22180232333303385,1.481067612395776,1.6336204236130298,0.37015864871473675,0.9421270576716627,0.9486358595650803,1.5725603514251758,0.9983813531887342,0.046588444763323605,0.04343567432352701,0.006305540600407467,0.1576077580993006,0.8454631287463674,1.0594883094937646,0.3050799268817757,0.6787075787196541,0.7352243385949763,1.2044265273840091,1.0,0.028322206142269716,0.027771183020476133,0.0011020461584331466
22,34.84658932685852,0.000177051324277579,0.2193197628254642,1.5487845251960792,1.1359037493146635,0.3677345567939736,0.9492459345033695,0.8082598451272922,1.4768941551398675,0.9996762706377469,0.03885737106363223,0.037242685631279346,0.003229371086154923,0.13907052114403012,0.6670722124616245,0.8757826823870822,0.2858498121714628,0.595327862091757,0.671560174939131,1.0879927532755842,1.0,0.023509566828540884,0.023041941155080715,0.0009352513959697545
23,34.94567894935608,0.00017501110696304604,0.2062854398682342,1.3313520572917983,1.1636673756578124,0.3517144380089688,0.8970231160873655,0.8115281364067969,1.4337445632969148,1.0,0.03656395372424206,0.035248585013982044,0.0026307376063172245,0.11939950321157113,0.5976984756977584,0.5689928225057028,0.2736832558116826,0.5920735213471613,0.5327147283279949,0.9825208407126469,1.0,0.017924529180471726,0.01753432466542847,0.0007804088483306716
24,35.27168035507202,0.00017289686274214123,0.19565794509604897,1.2766237160116771,1.2054696303812498,0.34631797957860294,0.8720465530736349,0.8266882792997993,1.4201236766841119,1.0,0.03604165514929274,0.03492000341830265,0.002243303400776405,0.11233558398692582,0.718744011040715,1.1739519771397025,0.2636856881284497,0.6530050531638372,0.741509639549544,1.1937669127863944,1.0,0.02681361511349678,0.026395136786345814,0.0008369567834859525
25,35.405988931655884,0.0001707106781186548,0.2080512697467452,1.3262539978126138,1.2722519877351346,0.358562362661019,0.9071228494147106,0.8355922643402781,1.4569293355895463,0.9990288119132406,0.039401025274649684,0.03673205051936544,0.005337949987121322,0.14316899765637928,0.5728768234714617,0.7192403328761391,0.2926058863006453,0.5692644321251205,0.6179538501733731,1.0193401227019017,1.0,0.020815268590054427,0.020305070842922004,0.0010203955244694226
26,35.62289905548096,0.00016845471059286893,0.1982568146997997,1.322041551979586,1.0610708988148945,0.34896805634503225,0.8904941184654248,0.7680305920591938,1.393207966220074,1.0,0.03444729653853705,0.03346785453023668,0.0019588839827954416,0.1340498588810169,0.7195562342472047,0.6433679462380921,0.2863148943198431,0.6504770125996507,0.5747705176810814,1.0409556228706949,1.0,0.020653917881097987,0.020157768048695464,0.0009922995401120854
27,35.80230736732483,0.00016613118653236524,0.19294854212285786,1.283943702658236,1.0770220538874435,0.3478352039444597,0.8772102073775637,0.7756707215239679,1.3915323200022067,1.0,0.03434655136031099,0.03314248969318335,0.0024081232419973747,0.13974681203556494,0.7360172863266291,0.605710507881984,0.29542789084107,0.6448684294176895,0.5653629952227294,1.050737903266018,1.0,0.02038883006428446,0.020020819817206142,0.0007360204668580336
28,35.99346041679382,0.00016374239897486902,0.17859637733415015,1.1758396887169489,0.9170717191217632,0.3334400924751773,0.8428807096521459,0.7241200749331518,1.3179785993038238,0.9987050825509873,0.03132718476364627,0.029499766722866617,0.003654835810061748,0.2161286393019868,1.203287745027066,0.7319755770615478,0.3710611245275085,0.871771516670077,0.6645400412324337,1.2963905334472656,0.9984871406959153,0.031759835948742106,0.02875947839553706,0.00600071477424776
29,36.29330897331238,0.00016129070536529771,0.1946173995472768,1.307547652323912,1.1636028240397742,0.34767215512029637,0.8858841018948442,0.7971850833911346,1.4080073553290944,0.9980576238264811,0.037056900153232646,0.034507041573331516,0.005099717186277418,0.10517818339834055,0.5385400769209177,0.5503979804115469,0.24700402419974693,0.5458978704894004,0.5197892210667505,0.9241437753282048,1.0,0.016640776620385957,0.01620902542205198,0.0008635024760100207
30,36.468289613723755,0.0001587785252292474,0.15559345883202422,1.0854707593167627,0.7979390913709231,0.30990948079665837,0.8053561865453699,0.6776641050408518,1.2419751921530564,0.9996762706377469,0.02706235512010524,0.02620294533233382,0.0017188193705252514,0.0837591673711064,0.4851632659265746,0.4078715009876892,0.2242627504553629,0.5358311614182281,0.4824653717825885,0.8543406499496206,1.0,0.013419430863546172,0.012975223583652554,0.0008884145185311216
31,36.50466585159302,0.00015620833778521315,0.15055537578858152,0.9729027904017761,0.7843628456076205,0.30433031732343707,0.7686997176220055,0.6624515721156552,1.2035329095674356,1.0,0.025572381701408447,0.024864951518866845,0.0014148603454859328,0.09592803505653694,0.46447805413319737,0.4819900084191119,0.24092618564253676,0.5161721897558077,0.5291652160044337,0.8919404876755154,1.0,0.014509474512037459,0.014288524920952122,0.0004418991271111587
32,36.57687997817993,0.00015358267949789974,0.15499450960526692,1.0171800250951508,0.8910490488612409,0.30833026698277044,0.7784820083045156,0.703329030114418,1.2421329698349597,1.0,0.027781592253276005,0.026853771254965388,0.0018556418932267932,0.09023014049126052,0.454302333306617,0.4820794864429468,0.23071523729863938,0.501694749956232,0.5014097218073442,0.855170046507681,1.0,0.01421276169565595,0.013973410686537195,0.00047870200009715044
33,36.61728310585022,0.00015090414157503722,0.1455825397828591,0.9556015551225311,0.8231655672245637,0.29734359492990103,0.7631317940141129,0.6820740401841321,1.2084184586712363,1.0,0.025891681104372642,0.025038479862619503,0.001706402354823819,0.08827939859497023,0.4692596992458049,0.49129242038582527,0.22528866235499304,0.5346071052839825,0.5103413961297986,0.8940152068722447,1.0,0.014465051512945437,0.014145093889690022,0.0006399152069718897
34,36.80276370048523,0.0001481753674101716,0.13878857715109014,0.9327692993252977,0.7782629889244013,0.28890908964631934,0.7383595945457688,0.661958322435492,1.1803772495031435,1.0,0.02460284030511758,0.023966364791648757,0.001272951068544164,0.10303885529153105,0.6233783713267178,0.4565619542270493,0.2514775827324156,0.582127315734771,0.4978231481993613,0.9232125592484236,1.0,0.015970481097495322,0.015578721161035654,0.0007835197556674418
35,36.791175842285156,0.00014539904997395477,0.15791308131176277,1.0743123551872256,0.7370949486151758,0.3131603160387646,0.797548215031894,0.6428047080146491,1.2143065803604398,1.0,0.026052395086259124,0.025381293154435276,0.001342203805685,0.09904481639660072,0.38650238784466856,0.42586929895513537,0.24188385356031641,0.4762538832002256,0.4868417716783763,0.8402252514676138,1.0,0.013285483215314177,0.012999759888369449,0.0005714465142262934
36,36.86613392829895,0.00014257792915650736,0.15707858602913424,0.9311465300105852,0.7091512896166375,0.3093139419049343,0.7520366510012729,0.6278118847951645,1.1684584958764024,1.0,0.024521108260260657,0.023763116689108844,0.0015159831480509019,0.12798060916375464,0.5151507381952837,0.4310758557514416,0.28585417945157743,0.5422858333443369,0.472753537765249,0.8964641646069225,1.0,0.015561601930437399,0.015327611514021969,0.00046798113800279524
37,36.9174382686615,0.00013971478906347814,0.14144393254653964,0.904590319259609,0.6754254899622361,0.2929856226875698,0.7361463180596329,0.6166982304976573,1.14151954403893,0.9996762706377469,0.02343908144181004,0.022453671207307187,0.001970820221213299,0.10595815841801769,0.46084468050912,0.4552216681337573,0.25083951762512485,0.5115206194717477,0.494815305574218,0.8733310497474381,1.0,0.014458510944402795,0.014303000998907299,0.00031101990050147325
38,37.10194730758667,0.0001368124552684679,0.14311930021061872,0.9684064697779355,0.7383850461342991,0.2970914673982758,0.7589840251444689,0.6435708484050717,1.1791814388523367,0.9990288119132406,0.026340964659397254,0.023908165446007743,0.004865598526762786,0.19564104224477702,0.954510359829024,0.5769620078775056,0.35644298025411125,0.7686083125635282,0.5452288556928534,1.1248161846859193,0.9954614220877458,0.027369091025188724,0.023741565517934656,0.0072550507594863695
39,37.19386959075928,0.00013387379202452925,0.19063658666440916,1.3302836166534968,1.3675736578277262,0.3425359219631048,0.8739965592591498,0.8469819046988692,1.4418049050056652,0.9919067659436711,0.049496084030786355,0.03732239819071794,0.0243473715972253,0.11634523965948108,0.5787218212179626,0.6882324471235636,0.2638186932331495,0.5937464810716222,0.6002851564115909,1.0160937431901016,0.9969742813918305,0.023552803539652688,0.018853874392412973,0.009397858466372548
40,37.259971618652344,0.00013090169943749485,0.17609815884655292,1.1820272184491118,1.0121827238236634,0.32639996848780967,0.8228387601092317,0.7346228577628341,1.3152589486153932,0.9980576238264811,0.03420067258123712,0.03072408450102297,0.006953175941240386,0.13001351132876213,0.6548685010370436,0.42697994431280695,0.28374751216524846,0.6212023823055666,0.48067554006417834,0.9468759747388323,1.0,0.016682366427716075,0.016537184866480585,0.0002903628579827671
41,37.225199460983276,0.00012789911060392305,0.1406882101372632,0.9041323848587288,0.7220737643132282,0.2929262989892586,0.7343830554452132,0.6484584200146825,1.1616969184220975,1.0,0.02358251651667611,0.023046597670166768,0.0010718378440118777,0.10168060448454656,0.43448787954679596,0.43761857518991076,0.26198124560934694,0.5110433610232262,0.45972195479584893,0.8481258098007871,1.0,0.014189840411364401,0.013670384365383327,0.00103891223514771
42,37.47016215324402,0.00012486898871648557,0.13353035939322508,0.8086240107127863,0.7387921276814963,0.2856446318967553,0.6913062599184598,0.6395646833454995,1.1237021285995923,0.9993525412754937,0.02346864128506427,0.02217390134631526,0.0025894799137435396,0.11182820742862488,0.5107881608059835,0.3423739496770677,0.2656120287307993,0.5376249824096865,0.4235616632020059,0.8373731246694314,1.0,0.01360646021410079,0.013445260537204962,0.0003223992244755418
43,37.64916396141052,0.00012181432413965436,0.12133322143369447,0.7693216302858737,0.7480306279585948,0.2722234177952177,0.6755800080476898,0.6443646913517945,1.1062472872303388,1.0,0.021949429136142257,0.021472739845673487,0.000953378519583005,0.08691886928546808,0.3993586841040769,0.2656617741721842,0.23610183005974983,0.483610264291922,0.3715067436402937,0.7520313941043733,1.0,0.010604120289368637,0.010464192624520877,0.0002798554248883813
44,37.65106225013733,0.00011873813145857257,0.12706771804584813,0.8029798462615503,0.6237640353073461,0.280769391212698,0.6905344493491783,0.5909288146419408,1.084614185346836,1.0,0.020857650985625927,0.020318127968389266,0.0010790457579256908,0.06481987697814849,0.3031524385518638,0.3873865193209742,0.19187194965610707,0.41987440914321417,0.4443670386806378,0.7360845946688515,1.0,0.010519218264759128,0.010394116404287394,0.0002502037081087245
45,37.74720525741577,0.00011564344650402318,0.11401668695540597,0.7754061986960883,0.5724152819397921,0.2620639549408502,0.6861582750176566,0.5715356121637475,1.0522031793319588,1.0,0.019384309500528215,0.01886695082452873,0.0010347174194964917,0.07507304524870395,0.38981493518500393,0.19998311455419313,0.2133587160557734,0.4859593848778152,0.3222959939722935,0.7087604187981263,1.0,0.00913097379438906,0.00902159431732278,0.0002187588607889576
46,37.8776581287384,0.00011253332335643054,0.12977436430904232,0.83129475841479,0.790697117074094,0.2806240552912719,0.701047503705085,0.6254100419819721,1.1178913826539547,0.9954677889284558,0.0320615092718744,0.022898494178238096,0.018326030152977384,0.15816841543893048,0.8579396393584051,0.8339574214369735,0.3072693769942614,0.7116487722353567,0.5948663154636677,1.1123133874336277,1.0,0.025418903756148425,0.024845021510561546,0.0011477644689826354
47,37.99093317985535,0.00010941083133185151,0.13375241758754702,0.9100560058317125,0.7362223705762256,0.2882524731476433,0.7462383645682243,0.6424906953865365,1.1630117812176746,0.9993525412754937,0.025362587484747276,0.02300680309350763,0.00471156894996058,0.09099336435141975,0.39091252883876504,0.3120428318335321,0.23673320862601277,0.47089473995606945,0.3894611537546686,0.755471583033113,1.0,0.01135208027834656,0.011181054284596046,0.0003420518702051057
48,38.26635503768921,0.00010627905195293144,0.12631188445432398,0.845685186105162,0.6601773990941071,0.27876917804163537,0.7133860836603295,0.5997403818799207,1.1062713745304897,0.9993525412754937,0.02202391788344161,0.021138729263481756,0.0017703770312935737,0.08832204395992492,0.41944177861293036,0.31200417736474756,0.2333195270821114,0.49702887455742584,0.4148391501445453,0.7773760811463788,1.0,0.01147061591452261,0.011314077238001369,0.0003130772274248894
49,38.277010917663574,0.00010314107590781292,0.11484488884427857,0.7679533021432291,0.5504691387002388,0.26690239835302587,0.6865793927736983,0.5581217321542213,1.0473472691539345,1.0,0.019162280074395806,0.018542195850903064,0.0012401685584638015,0.08296611233305823,0.39946149156602173,0.23611059816449925,0.2311898540260211,0.4806010221749679,0.3591529843305856,0.7295740462287291,1.0,0.010015550447112222,0.009907964160510884,0.00021517253207865646
50,38.35148811340332,0.00010000000000000009,0.11188475462023438,0.7496005265448,0.5605084659135546,0.26279023226969217,0.6683577290241987,0.564006414564731,1.0365230150306135,0.9993525412754937,0.01985778151620897,0.018402285975192733,0.0029109913369477296,0.07097328827348671,0.3975218161151557,0.3174789438810363,0.20505678707821107,0.47227683911345186,0.4218816951976782,0.76512497456099,1.0,0.010684483240776992,0.010501297118928447,0.0003663722312806312
51,38.515459060668945,9.685892409218725e-05,0.10845516336971442,0.7062472407969891,0.5698278783092455,0.25920819348600466,0.6560321226209528,0.5562674682014542,1.021276860531961,1.0,0.018633984654596723,0.018016739669727753,0.0012344898167850166,0.08031701464515952,0.3348862363783567,0.28122085450095957,0.21807442201969301,0.44446440507712776,0.3800427037179921,0.7226720801279873,1.0,0.010000065419930012,0.009861047199325644,0.0002780363551300842
52,38.68751525878906,9.372094804706874e-05,0.10886237759465112,0.7458139717791141,0.5169592629207612,0.25829406307908315,0.667228152891624,0.5423024323581684,1.0189201105524708,0.9996762706377469,0.018498944335093425,0.017662478370279046,0.0016729319607017411,0.07970151255603276,0.30990814405201783,0.2676085776532472,0.21726749163352055,0.4223828799064509,0.38187601634846513,0.7039499629102929,1.0,0.009597510107864771,0.009441714266064308,0.00031159175906834757
53,38.80544590950012,9.058916866814863e-05,0.10040531539731752,0.6803096652069537,0.5018041807689031,0.2485508563719972,0.6401394173797182,0.5320905260609052,0.9846471228928348,1.0,0.016936522305214356,0.01656260098520318,0.0007478426395135779,0.061111404567551146,0.29004974516725757,0.24072406439846114,0.19056373789523265,0.4193801057501027,0.34031440847399735,0.6575954714268671,1.0,0.008309967514358562,0.008161059318676748,0.0002978164496593482
54,38.720279693603516,8.746667664356964e-05,0.09656850216495987,0.6357065838646757,0.47925235801392985,0.24413498260705516,0.6181383154545836,0.5152382185328698,0.9561358347182985,0.9993525412754937,0.016528155980284988,0.015726808544794656,0.0016026948426164462,0.0862900970923558,0.42441784343632916,0.31866874781390725,0.22033621070965695,0.47207635325490976,0.4164175727544141,0.770522436468035,1.0,0.011469198252763402,0.011360689355187265,0.00021701791117132645
55,38.80462837219238,8.435655349597697e-05,0.09348645207178789,0.6692116238145467,0.4411430119619126,0.2377173405860612,0.638423752036053,0.5040917246810207,0.9587605915705569,1.0,0.015784676174982037,0.015373370825747489,0.0008226107868075603,0.0680163552288569,0.33956312628268476,0.21709301720588903,0.20665322922722473,0.46308370870108323,0.33702509702604583,0.6961671667632826,1.0,0.0086278670725276,0.008541288451712899,0.00017315734928275166
56,38.85990881919861,8.12618685414276e-05,0.08890836965925834,0.595235474482444,0.4475085407292893,0.2326475137566702,0.5964709526128698,0.49850464824257873,0.9267999779332915,1.0,0.014943752640435595,0.014647911802324982,0.0005916816789158503,0.06518816100306662,0.29282999074765664,0.23963430970230912,0.20244768131157995,0.421957523848033,0.36141923696659334,0.6766047456080542,1.0,0.008415030621967185,0.008334634505048868,0.00016079226747555333
57,38.809733629226685,7.818567586034584e-05,0.1000572568816867,0.6872601195730874,0.5168547611786116,0.24501303616909967,0.6415579583738259,0.5316580339865841,0.9896466825416691,1.0,0.017142094932822163,0.016809768498416623,0.0006646528398108874,0.05767986760016829,0.2805310247885838,0.3880018044528009,0.18784860763896072,0.40959033013832913,0.4445549911522108,0.7290446069345171,1.0,0.010008823934593061,0.009922477297637042,0.00017269336357913522
58,38.86113500595093,7.513101128351458e-05,0.09013713533031628,0.6298123380056513,0.46564885828247266,0.23378611745553404,0.6155654716429952,0.5057577869196701,0.9440223932189052,1.0,0.015537882001220929,0.015234039047194477,0.000607685914855419,0.08145683670188222,0.32895537079192144,0.20673512186116783,0.22138698631263537,0.444929659637128,0.32736837918026185,0.6879216856386586,1.0,0.008956188104945305,0.008855202745324996,0.0002019708084894285
59,38.87534284591675,7.210088939607715e-05,0.09244354946708247,0.652346011773403,0.430183163967361,0.23838213123754992,0.6294515470194176,0.4863658014645118,0.9425516434185094,1.0,0.015332894440765672,0.015041103255209914,0.0005835824344257739,0.05333911993860657,0.26048430083559065,0.18259736340994553,0.17963017962884253,0.39679217518908894,0.3086136220623253,0.6117641662505319,1.0,0.006908897277384816,0.00681513300695303,0.00018752843710687574
60,38.69375014305115,6.909830056250535e-05,0.08484527797674277,0.5625710806903734,0.39952549605587223,0.22806837628982954,0.5803982474418781,0.4773994460002471,0.8928615123023875,1.0,0.013896669483360406,0.01356201997468795,0.000669299057368569,0.04203856793907154,0.26277830092160315,0.1790604883531579,0.15449575468920362,0.3982297685250933,0.29716211223746575,0.5977173818221792,1.0,0.0064109718749713876,0.00633044693542929,0.0001610498157690551
61,38.37201547622681,6.612620797547093e-05,0.08122530266010634,0.5871255352258605,0.40332757018074783,0.22328219069520722,0.5946001060266023,0.47620030505327626,0.9021807417741444,1.0,0.01403821323051272,0.013674726559276738,0.0007269733666670568,0.04549948873390048,0.191141173266066,0.2138156939562799,0.16051200153968337,0.3304896058906405,0.3185314547817213,0.5653016037010389,1.0,0.006405050949434469,0.006331345461641471,0.00014741104885191854
62,38.23773121833801,6.31875447315323e-05,0.07969358319331621,0.5289124285530296,0.40726945654170416,0.21958892358549592,0.5618394973325127,0.4784330488138887,0.8789813263048127,1.0,0.013434507515957997,0.013173158648678615,0.0005226976834551132,0.06196791122973236,0.2932094232758307,0.19056059949877763,0.1991136315730985,0.41953500713054065,0.31825928969390455,0.6483610011806286,1.0,0.0076298981576695835,0.007547798424919732,0.0001641996392641011
63,38.28555464744568,6.0285210936521996e-05,0.08391889787947487,0.5648862910371029,0.37630829960831397,0.22815128961169787,0.5831335030083673,0.4655894214337449,0.885845008966181,1.0,0.013502109392105027,0.01323196141808434,0.0005402959698009419,0.07248329448988507,0.31979208309964224,0.17133203450922888,0.21686539960160017,0.44037678238122796,0.2972274677836408,0.6529177032332196,1.0,0.00802254635677215,0.007939013822987654,0.00016706517724772568
64,38.01872491836548,5.7422070843492795e-05,0.0800709811257251,0.5751966040819044,0.3672398120772688,0.22061232510952936,0.5902611635849676,0.456831042301157,0.8825055218391258,1.0,0.01330383643556197,0.013041816059682083,0.0005240406780438868,0.056831698374380325,0.3067539315360758,0.15077228445148325,0.18459339473683967,0.4168152361882797,0.2742045715609044,0.6066009908148092,1.0,0.006989619322684728,0.006919854555177571,0.00013952948338913614
65,37.95530915260315,5.460095002604539e-05,0.07962594062389004,0.5497955298801964,0.37008421256651036,0.21899368539910827,0.5723878450477035,0.45677091327443714,0.8708539927573063,1.0,0.013141952242790283,0.012847101826590988,0.000589700881137376,0.05860270746897641,0.2411546079546168,0.20738387504612263,0.18644129382319602,0.3747762270305593,0.3157070566774677,0.6104347485817867,1.0,0.007265981514311189,0.0071975120368629195,0.00013693884050659553
66,37.837284564971924,5.182463258982852e-05,0.07939073768546566,0.5449331980687045,0.3654821822850903,0.21964084936137646,0.576607770540059,0.4499442295643765,0.867941145991075,1.0,0.01294461048852475,0.012734557643373563,0.00042010566849099015,0.05175072423629068,0.22316538043173648,0.13085797983651443,0.1785229446307253,0.35729894046523747,0.2527965121478428,0.5436213041758573,1.0,0.005805018579139291,0.005739307557634231,0.00013142205511836925
67,37.90496206283569,4.9095858424962925e-05,0.06894511349110898,0.4663291168892102,0.34296036044460704,0.20746845333041322,0.5320460355640731,0.444210148506004,0.8219040629546517,1.0,0.011592992436407299,0.011344401334078037,0.0004971821582657561,0.04701300238156283,0.1857168371486231,0.15358111248795456,0.1646966425625892,0.33571239462778896,0.28324933997080654,0.5402377398400011,1.0,0.005602271200274646,0.005536537420895069,0.00013146746321405185
68,37.78144645690918,4.641732050210037e-05,0.07481928342906893,0.5136938301943467,0.34152876315822334,0.21311146119297728,0.5545841428831427,0.44173741070496375,0.8388925946310679,1.0,0.012168747378653715,0.011963343121142748,0.00041080846957133963,0.04957524974479618,0.209519797121703,0.1905055320208805,0.17587241138163925,0.3542195845299517,0.293261579955039,0.57663067458437,1.0,0.00640686703549977,0.006338076912565509,0.0001375800752522686
69,37.58276033401489,4.379166221478699e-05,0.07266013268785362,0.5043872829855897,0.3546952522082713,0.20975293739593,0.5499986412070569,0.4470257021223854,0.8410648708399078,1.0,0.012204911391886645,0.011974411651759848,0.0004609994609766649,0.043126363076168184,0.19147211664924102,0.13671095270252084,0.16386293174639774,0.34399438806092325,0.25537974823621323,0.5322780738980615,1.0,0.00526404200662801,0.005201356798979636,0.00012537041302920432
70,37.59310221672058,4.122147477075275e-05,0.07107231058554188,0.49342816606930984,0.32017178364114957,0.20692860921944334,0.5425421763253698,0.42830632519436407,0.8172319763568892,1.0,0.011558956207629738,0.011353232969574247,0.0004114465741727075,0.05789230811253258,0.2010942901317002,0.1489852881467649,0.19111555931968516,0.34119832100918723,0.28761389035500484,0.5627196625032872,1.0,0.006117392590610415,0.006044400610035333,0.00014598399637416343
71,37.63894987106323,3.870929463470239e-05,0.06687179793428549,0.4725199557693694,0.31957245058286304,0.20167195553839806,0.5345258079867179,0.4248366138239669,0.8093178228252951,1.0,0.011313745136622685,0.0109985133933911,0.0006304636382854819,0.046963434717117745,0.20643648762205186,0.1427080899972959,0.17191054348505572,0.3477920418247333,0.27071204596676735,0.5442633520637085,1.0,0.0056421407399792085,0.005563676972280337,0.0001569274948901425
72,37.696319341659546,3.6257601025131074e-05,0.06913088443943813,0.47448942845752995,0.30607341461947296,0.20618341778736354,0.5361825832466973,0.41829533806970953,0.8053276933254491,1.0,0.011175370905711142,0.01092491149974703,0.0005009189163779073,0.042127549287591146,0.16631769881486533,0.15952524006276556,0.16091639912615385,0.3119565657876804,0.2944424682594103,0.5315213253927303,1.0,0.0053191105814005355,0.00525491580693967,0.00012838949716446354
73,37.80404043197632,3.3868813467634875e-05,0.06602451283401484,0.48612352913349877,0.31522163599198905,0.20125402621599262,0.5385014600991508,0.42624941023471247,0.8099193603871284,1.0,0.011261482805365805,0.011020909446720052,0.0004811466625133664,0.04824741615289639,0.21435846791866148,0.18018941150671056,0.17446320608776744,0.36157348116299026,0.3052421979572337,0.582030512741943,1.0,0.006254528198988598,0.00618665326885462,0.00013574993357790772
74,37.70684266090393,3.154528940713117e-05,0.06502935036597185,0.4664265988289094,0.31847969047766206,0.19781522312454516,0.5318819174453178,0.4243625419816758,0.8023368301959669,1.0,0.011096342843943677,0.0108578114373282,0.00047706285159638124,0.04504261146695459,0.20898417517565382,0.14020907283731018,0.17013048079659465,0.3558163072987151,0.2794657763482583,0.5575336811221494,1.0,0.005545165282695269,0.005474032429800722,0.00014226575648963716
75,37.64683127403259,2.9289321881345295e-05,0.06761246101491156,0.46510960639738735,0.317173601084444,0.20210157146188348,0.5251202983121418,0.4223125886284213,0.8011929511097728,1.0,0.011146854611361497,0.010933456536021848,0.0004267960420275133,0.04120273894874123,0.17796256971431393,0.1127008756061906,0.15800779706230683,0.33384860409550515,0.23661455552624863,0.5036055756769454,1.0,0.004756448704484461,0.004686410912931101,0.00014007565060471228
76,37.5957977771759,2.7103137257858905e-05,0.06440668910326947,0.4587081564634353,0.30281421226681765,0.1973914961939917,0.519499233834911,0.41987986578529185,0.7919091316981391,1.0,0.010722372390862883,0.010556658029534568,0.00033142877948871705,0.03996874335674223,0.15922395923314406,0.14779766821464504,0.15629659910966698,0.29769235587877513,0.2767321915561601,0.5005972367371806,1.0,0.00500715763410962,0.004949947878994532,0.00011441945448819316
77,37.7536199092865,2.4988893036954087e-05,0.05983893234160927,0.42265383469398526,0.29536551308500686,0.18925298360143522,0.5041313361257131,0.41139856377401257,0.7703987663716088,1.0,0.010145113457026856,0.009966798639693773,0.0003566297616998193,0.03994635207389739,0.18181365863638457,0.1589316995349486,0.15682217393087367,0.3405392858877485,0.29151411460495574,0.544586848202704,1.0,0.005355900804457254,0.005289967491681745,0.00013186653493727459
78,37.57843470573425,2.2948675722421117e-05,0.06257924697051044,0.4399007491287424,0.28847416661325187,0.1952740260797552,0.5134710356347111,0.40691357331972133,0.7756611412495384,1.0,0.010332425323629426,0.01013080301905921,0.0004032445447615147,0.03566604974410537,0.15485857510530643,0.14737873917809052,0.14394488565499772,0.2964016485863482,0.263481698490668,0.49183190067308574,1.0,0.00479001206636102,0.0047335399585281485,0.00011294428248126792
79,37.7006254196167,2.0984498762430988e-05,0.06033525373527401,0.4291394174426997,0.2734225376712037,0.19313467911201296,0.5133778246987325,0.3963990839757206,0.7673342011051295,1.0,0.009968204651113543,0.009746649156919418,0.00044311102419095484,0.04182544030508367,0.18173872865454693,0.1446888178091006,0.1620564687991467,0.325030067865138,0.2655685644106497,0.5223851413120841,1.0,0.005228825023400621,0.005173707254788924,0.00011023547791498297
80,37.34977102279663,1.9098300562505293e-05,0.06356800964790164,0.44231419642020214,0.2808828809262094,0.19795216353204342,0.5250496544780836,0.3996311640345807,0.7800138000532739,1.0,0.01031181463135383,0.010089086466063359,0.0004454563285081532,0.03759862827461173,0.1720938022486561,0.1648860008381138,0.15285077181598242,0.3219523076390715,0.2796311313554126,0.5298860711517565,1.0,0.005243932242884263,0.005192928992595056,0.0001020064894168084
81,37.25865912437439,1.729194257254386e-05,0.058840280850368167,0.4193148892378877,0.2795279426611755,0.189053772336343,0.5044676433994223,0.3986565132054668,0.7605388625303339,1.0,0.009889626662060256,0.009685207750466156,0.000408837794574302,0.03745783727937314,0.16464625364352642,0.12151466375400007,0.15290928464072917,0.3125192047788588,0.2563459097707867,0.4952216963544375,1.0,0.004593004742369574,0.0045409431975509595,0.00010412313980941552
82,37.09933352470398,1.5567207449798535e-05,0.057810611711732386,0.40986437842312584,0.28550831088359085,0.18840360240127402,0.49652238878550825,0.4051605303644864,0.7574057843006711,1.0,0.00981859928862288,0.009644048269621017,0.0003491019672368508,0.03939241693889139,0.2066731911022977,0.11761693875115145,0.16000501038267104,0.35806220887107676,0.2462023512859027,0.5290220956037698,1.0,0.004976569228268788,0.004922385010149741,0.00010836840436037253
83,36.953869581222534,1.3925797299605643e-05,0.06047473281052708,0.4182861559056819,0.26770295530277843,0.1935732022733432,0.5006365823915531,0.39135196719134113,0.7548270875406559,1.0,0.00976945500484405,0.009583507535762677,0.0003718949968414969,0.042223721246676074,0.17823106005404613,0.11311242457777938,0.16122133540674347,0.32737397859027995,0.24052254334881157,0.5027365850428409,1.0,0.004788489584668727,0.004735465501061726,0.00010604819270737087
84,36.83618760108948,1.2369331995613658e-05,0.05877795034953791,0.42637610381457675,0.2741416369722514,0.18797643619202686,0.5045506377635399,0.39807237688103475,0.7610904005747777,1.0,0.009841710364933864,0.009670017964145431,0.0003433848141761207,0.04128099398605762,0.20191421324835243,0.12246806718938831,0.16061424920490397,0.34637283160718957,0.2625497451528298,0.5268258630057145,1.0,0.0050775823873748125,0.005023643060244969,0.00010787870033708247
85,36.98262667655945,1.0899347581163235e-05,0.05636700027851118,0.4002227357152443,0.27014256774047773,0.18584109139928698,0.4945629276709095,0.3900850866557943,0.7458048203339581,1.0,0.009517674042800168,0.009297482322632552,0.000440383480556744,0.03379085930501098,0.16767085788830685,0.14840086776081265,0.1432098202553892,0.31429145844729334,0.27462068015255836,0.5137579365324866,1.0,0.004835360576067565,0.004779967980293075,0.00011078521631585515
86,36.71403241157532,9.517294753398076e-06,0.058639419487897304,0.4196958544957441,0.266850796360227,0.18897325053265968,0.5037961103415249,0.3939271266501326,0.7549486570892383,1.0,0.009684253609433225,0.009509833251611822,0.0003488407609709163,0.03896329631964125,0.1609293685918857,0.13612039421041144,0.15665125125475263,0.31518121422148687,0.25848597441426563,0.5042333386489014,1.0,0.004819687765511528,0.00476672438941276,0.00010592680314024587
87,36.780237436294556,8.224537431601918e-06,0.05530089504628476,0.40640214532276075,0.25929409086067495,0.18317396473290273,0.4966273645862247,0.3872389424460804,0.7440895733226653,1.0,0.00932612795564842,0.009160820867199368,0.0003306142396187906,0.03672431564908165,0.15056133432575866,0.1424087269764264,0.14962141344298394,0.2994397043640783,0.2718761100711332,0.4998418891664352,1.0,0.004722108190200107,0.004673085494936302,9.804537485293064e-05
88,36.616135597229004,7.022351411174873e-06,0.05880016663499772,0.40879254265486054,0.2699231754888335,0.1876838022777277,0.5003763966361231,0.3889211356427609,0.7510160222027286,1.0,0.009612005640529204,0.00946536285976987,0.0002932856579221648,0.04084298893831862,0.17323447139468748,0.15854137748164235,0.16093111254624268,0.32683897162710124,0.27803718665003235,0.5323919910886825,1.0,0.005300680156402662,0.0052483306102928074,0.00010469915645948009
89,36.74967050552368,5.911923104577461e-06,0.057608471521863505,0.4006674248796329,0.2727753158987977,0.18609186429041957,0.4918323787295266,0.39954985473178356,0.7486325063609738,1.0,0.009561445099425551,0.009386806610119057,0.00034927695342861165,0.03447476417141855,0.15404332567812273,0.1372150707533428,0.14481777791356534,0.29996021720897775,0.26722028720757607,0.4957409828405337,1.0,0.004591383667290774,0.004541829484479668,9.910836821998246e-05
90,36.55973219871521,4.8943483704846526e-06,0.058631963581666856,0.4106319260157285,0.27836344974563515,0.18845657701822655,0.49313066043526504,0.39477325975412536,0.7483047381617484,1.0,0.009751775512738921,0.00958764190143701,0.0003282672687893141,0.034166167435234866,0.14034398583168342,0.12894318486125675,0.14234871871532723,0.2883934657259896,0.26443791569812214,0.47928165199175904,1.0,0.004351555133441325,0.0043021742005814175,9.876186638026472e-05
91,36.65270233154297,3.970631432305709e-06,0.05482977831313509,0.3959730985906372,0.27219435172236905,0.18253079399239788,0.4842706896719249,0.3968055753809767,0.7439453539318852,1.0,0.009472044188120424,0.009227004123796784,0.0004900801612088965,0.03693342948284524,0.16282314467899017,0.13593726042720083,0.1507596677442542,0.3111417672277038,0.26437203065349907,0.5070615110527189,1.0,0.00474692546655445,0.00469828474986312,9.728133631852539e-05
92,36.61959767341614,3.141683887136907e-06,0.05296497962049544,0.37640982995568917,0.2705027026704076,0.17942558642381523,0.47470254950555796,0.38944400495292686,0.7270992324745126,1.0,0.009105787190101262,0.00896334032355948,0.0002848937552718204,0.03366934892449545,0.15228894402508295,0.12144710635273251,0.1424271043237868,0.29812836683103067,0.24709557981967203,0.4807950552220424,1.0,0.004332510477253172,0.004282392927060825,0.00010023511480451978
93,36.45263171195984,2.4083238061252703e-06,0.05610659752281093,0.4050579409106876,0.2546231120718687,0.18569350234896437,0.49396342156812495,0.38029268112874176,0.7393241516785083,1.0,0.009290117884097593,0.009119177849793866,0.00034188014952156557,0.03859669583287434,0.1568777214921729,0.11009977192092411,0.155446368879702,0.3091823199873793,0.23806001342911945,0.4841988184087756,1.0,0.004419149883068906,0.0043676927873833775,0.00010291417587249795
94,36.54936742782593,1.77127492713113e-06,0.05594557720544308,0.39579568614694205,0.2623762604332773,0.18429767873226227,0.4887175484358126,0.39039784922650733,0.7397842401051915,1.0,0.009392215290543099,0.009138545725710495,0.0005073391604932208,0.03455712187488573,0.1468499177522991,0.11791499335538602,0.1456704565328116,0.29882068965871467,0.2444226694900582,0.4777032632871042,1.0,0.004273467567578838,0.004224723532553565,9.748804079260925e-05
95,36.439945697784424,1.2311659404862355e-06,0.05518863815904706,0.3733420978668401,0.23290381419230294,0.18319871449555422,0.48043671855265824,0.3703468686440648,0.7163280704408141,1.0,0.008692518841413742,0.008521575210558708,0.00034188725266988667,0.03469119900654376,0.14904948947288987,0.12315032233268519,0.14615114842528834,0.295344123320933,0.254813658127085,0.48378468425479493,1.0,0.004366050910771051,0.004319162653271621,9.37765052462132e-05
96,36.50393533706665,7.885298685522245e-07,0.051025532757668635,0.3850402595850981,0.24327919976384788,0.175972333190587,0.4805667678991079,0.3759014320126549,0.7187286384980167,1.0,0.008749892980682789,0.008591927055090993,0.0003159317454148606,0.033991174961182424,0.14367165381536903,0.127260943584471,0.14424971372745762,0.2928544591306378,0.25295528954348656,0.481639243110045,1.0,0.004348433921014983,0.00430064565542967,9.557664921505831e-05
97,36.68071103096008,4.438035396920009e-07,0.05652102547272311,0.4067086153101404,0.25063487749417723,0.18565024122446244,0.4933309057994582,0.38408505364736334,0.7372573372151482,1.0,0.009257961669982,0.009096256711279962,0.00032340990496734827,0.03254550244552105,0.1367639086791138,0.1123622679313625,0.13933979040194927,0.283899592920439,0.23901033617905518,0.460713488972674,1.0,0.004030625333758734,0.003983416796046198,9.441704288690032e-05
98,36.55007576942444,1.9732715717284434e-07,0.0561566446042825,0.3947829298696768,0.2540573777408421,0.18497043321263099,0.4870266357105733,0.3800637935812553,0.7324383270397045,1.0,0.00921361123664831,0.00902662701288515,0.0003739685411880823,0.03619514398964378,0.1531825792410731,0.11549736007078693,0.1491125870760919,0.2984671188735385,0.24921634590391312,0.4808895743019462,1.0,0.00435962896856075,0.0043119845190472935,9.528885851931193e-05
99,36.670247077941895,4.934396342684005e-08,0.055879015585256264,0.3809147344202083,0.24981384356070507,0.18402294234266248,0.47921630609919236,0.3818025573552639,0.7267087428227873,1.0,0.008979773107890792,0.008840967160877228,0.0002776119407025483,0.03807928811043005,0.15965003289180876,0.11170722587025653,0.15439944548614087,0.3087696177876483,0.23994490671085697,0.4881749723033357,1.0,0.004441052097573583,0.004391871186314255,9.836182458806676e-05
100,36.5647132396698,0.0,0.05615021453856187,0.38093952424088584,0.26814996227549676,0.18338477430161476,0.48279570529822896,0.38367425557979684,0.7298867928630598,1.0,0.009275552306858495,0.009098626074449612,0.00035385246964170924,0.03235984294930312,0.13040719793351443,0.11829999075715011,0.14023581034477106,0.2759927101827786,0.24446050698746352,0.4594371610979089,1.0,0.00404693212172752,0.004001966165096898,8.99319870114952e-05
